angle,mean_sd
max,65.65575497505525
alpha,58.20325381276347
gamma,52.91784343733023
phase-angle,40.03066810198015
zeta,34.82926162991236
beta,28.636476362343505
epsilon,22.370552917118157
chi,17.459243652804275
delta,12.80825910495753
