resi,max_sd,top_angle
19.0,47.08537029652571,gamma
20.0,11.691443359184891,phase-angle
21.0,51.33111894787224,alpha
22.0,47.10919279468322,gamma
23.0,84.74280266311268,zeta
24.0,89.47849274663284,alpha
25.0,121.88688844497806,zeta
26.0,85.50589947974942,alpha
27.0,70.9276680329955,alpha
28.0,47.31307428059316,gamma
29.0,47.14247752395436,gamma
30.0,73.23525342501625,phase-angle
31.0,74.3843600098939,alpha
32.0,115.30534638803636,alpha
33.0,99.24940797557691,phase-angle
34.0,116.41178800872176,gamma
35.0,113.83447329595693,phase-angle
36.0,65.00628489019054,alpha
37.0,48.38494345424616,alpha
38.0,53.63548411585313,gamma
39.0,55.695242549914354,alpha
40.0,52.12949254991414,alpha
41.0,48.43032989470415,gamma
42.0,10.54325188680583,phase-angle
43.0,10.933787361268609,phase-angle
